IsWeekend,Total_Visitors,Avg_Per_Day,Total_Days
Weekday,287840,48.16599732262383,5976
Weekend,104093,43.90257275411219,2371
