Year,Total_Visitors,Days_With_Data,Avg_Daily_Visitors
2024,211942,323,656.1671826625387
2025,179991,264,681.7840909090909
