Traffic_Level,Days_Count,Percentage
Low,148,25.2129471890971
Very Low,147,25.04258943781942
Medium,146,24.87223168654174
High,87,14.821124361158432
Very High,59,10.051107325383304
