Category,Total,Avg_Daily,Peak
Event Visitors,20419,111.5792349726776,875
Visitors,13843,29.266384778012686,275
