HHI,Interpretation,Top_3_Share,Top_5_Share,Top_10_Share
0.14385108926794515,Low Concentration,0.573802154960159,0.7324287569559083,0.9318352881742543
